-- Adminer 4.3.1 MySQL dump

SET NAMES utf8;
SET time_zone = '+00:00';
SET foreign_key_checks = 0;
SET sql_mode = 'NO_AUTO_VALUE_ON_ZERO';

DROP TABLE IF EXISTS `addons`;
CREATE TABLE `addons` (
  `id` int(11) NOT NULL,
  `j` text NOT NULL
) ENGINE=InnoDB DEFAULT CHARSET=latin1;


DROP TABLE IF EXISTS `cases`;
CREATE TABLE `cases` (
  `id` int(11) NOT NULL AUTO_INCREMENT,
  `category` int(11) DEFAULT NULL,
  `name` varchar(256) NOT NULL,
  `oldp` int(15) NOT NULL DEFAULT '0',
  `price` int(255) NOT NULL,
  `img` varchar(256) NOT NULL,
  `items` text NOT NULL,
  `lim` int(10) NOT NULL DEFAULT '0',
  `xlim` int(10) NOT NULL DEFAULT '0',
  `created_at` timestamp NOT NULL DEFAULT CURRENT_TIMESTAMP ON UPDATE CURRENT_TIMESTAMP,
  `updated_at` timestamp NOT NULL DEFAULT '0000-00-00 00:00:00',
  PRIMARY KEY (`id`)
) ENGINE=InnoDB DEFAULT CHARSET=utf8 ROW_FORMAT=DYNAMIC;

INSERT INTO `cases` (`id`, `category`, `name`, `oldp`, `price`, `img`, `items`, `lim`, `xlim`, `created_at`, `updated_at`) VALUES
(1,	4,	'ГУЧЧИ КЕЙС',	599,	299,	'https://i.imgur.com/7ESDREs.png',	'[\"4\",\"2\",\"1\"]',	0,	0,	'2019-01-21 08:50:57',	'2019-01-21 08:50:57'),
(2,	4,	'АЛМАЗНЫЙ КЕЙС',	499,	240,	'https://i.imgur.com/mnlealh.png',	'[\"4\",\"3\",\"2\",\"1\",\"1\"]',	0,	0,	'2019-01-21 08:52:35',	'2019-01-21 08:52:35'),
(3,	4,	'ЗОЛОТОЙ КЕЙС',	399,	199,	'https://i.imgur.com/YXnV20P.png',	'[\"3\",\"2\"]',	0,	0,	'2019-01-21 08:54:11',	'2019-01-21 08:54:11'),
(4,	4,	'ЖЕЛЕЗНЫЙ КЕЙС',	349,	149,	'https://i.imgur.com/Lp2awQ5.png',	'[\"2\",\"1\"]',	0,	0,	'2019-01-21 08:54:26',	'2019-01-21 08:54:26'),
(5,	4,	'ДМС КЕЙС',	319,	119,	'https://i.imgur.com/TQGEYfS.png',	'[\"3\",\"2\",\"1\"]',	0,	0,	'2019-01-21 08:54:43',	'2019-01-21 08:54:43'),
(6,	4,	'ЛАЙТ КЛАУД КЕЙС',	319,	119,	'https://i.imgur.com/R1p9E0M.png',	'[\"3\",\"1\"]',	0,	0,	'2019-01-21 08:56:36',	'2019-01-21 08:56:36'),
(7,	4,	'ХАЙПИКСЕЛЬ КЕЙС',	319,	119,	'https://i.imgur.com/8xmXZ3E.png',	'[\"2\"]',	0,	0,	'2019-01-21 08:56:53',	'2019-01-21 08:56:53'),
(8,	4,	'ВАЙМ ВОРЛД КЕЙС',	319,	119,	'https://i.imgur.com/ffhiMjL.png',	'[\"71\",\"70\",\"69\",\"68\",\"67\",\"66\",\"65\",\"63\",\"5\",\"4\",\"3\",\"2\",\"1\"]',	0,	0,	'2019-01-22 09:01:13',	'2019-01-22 09:01:13'),
(9,	4,	'КРИСТАЛИКС КЕЙС',	319,	119,	'https://i.imgur.com/VHjeMXE.png',	'[\"3\",\"1\"]',	0,	0,	'2019-01-21 08:57:22',	'2019-01-21 08:57:22'),
(10,	4,	'СЛАЙ КЕЙС',	149,	49,	'https://i.imgur.com/g46oeL5.png',	'[\"3\",\"1\"]',	0,	0,	'2019-01-21 08:57:37',	'2019-01-21 08:57:37'),
(11,	4,	'АГЕРА КЕЙС',	149,	49,	'https://i.imgur.com/FLpMtOo.png',	'[\"3\",\"2\"]',	0,	0,	'2019-01-21 08:58:10',	'2019-01-21 08:58:10'),
(12,	4,	'МАКС ЛАВЕР КЕЙС',	149,	49,	'https://i.imgur.com/BP5NNDS.png',	'[\"2\",\"1\"]',	0,	0,	'2019-01-21 09:00:17',	'2019-01-21 09:00:17'),
(13,	4,	'ЗАЗЕДКА КЕЙС',	149,	49,	'https://i.imgur.com/CEkyq5s.png',	'[\"3\",\"2\",\"1\"]',	0,	0,	'2019-01-21 09:00:31',	'2019-01-21 09:00:31'),
(14,	4,	'НУБИК КЕЙС',	99,	35,	'https://i.imgur.com/p7ekEJp.png',	'[\"75\",\"74\",\"73\"]',	0,	0,	'2019-01-22 09:33:59',	'2019-01-22 09:33:59'),
(15,	4,	'ЛИЦУХА КЕЙС',	50,	25,	'https://i.imgur.com/5uDDxM1.png',	'[\"74\",\"73\",\"72\"]',	0,	0,	'2019-01-22 07:28:17',	'2019-01-22 07:28:17');

DROP TABLE IF EXISTS `categorys`;
CREATE TABLE `categorys` (
  `id` int(11) NOT NULL AUTO_INCREMENT,
  `name` varchar(256) NOT NULL,
  `created_at` timestamp NOT NULL DEFAULT '0000-00-00 00:00:00',
  `updated_at` timestamp NOT NULL DEFAULT CURRENT_TIMESTAMP ON UPDATE CURRENT_TIMESTAMP,
  PRIMARY KEY (`id`)
) ENGINE=InnoDB DEFAULT CHARSET=utf8;

INSERT INTO `categorys` (`id`, `name`, `created_at`, `updated_at`) VALUES
(4,	'ДОСТУПНЫЕ КЕЙСЫ',	'2018-03-25 15:12:31',	'2019-01-20 10:51:06');

DROP TABLE IF EXISTS `config`;
CREATE TABLE `config` (
  `id` int(11) NOT NULL AUTO_INCREMENT,
  `namesite` varchar(256) NOT NULL,
  `shop_id_digiseller` int(255) NOT NULL,
  `id_tovar_digiseller` int(255) NOT NULL,
  `password_digiseller` varchar(256) NOT NULL,
  `payment` varchar(256) NOT NULL,
  `shop_id_freekassa` int(255) NOT NULL,
  `secret_word_freekassa` varchar(256) NOT NULL,
  `vkgroup` varchar(256) NOT NULL,
  `created_at` timestamp NOT NULL DEFAULT CURRENT_TIMESTAMP ON UPDATE CURRENT_TIMESTAMP,
  `updated_at` timestamp NOT NULL DEFAULT '0000-00-00 00:00:00',
  PRIMARY KEY (`id`)
) ENGINE=InnoDB DEFAULT CHARSET=utf8 ROW_FORMAT=DYNAMIC;

INSERT INTO `config` (`id`, `namesite`, `shop_id_digiseller`, `id_tovar_digiseller`, `password_digiseller`, `payment`, `shop_id_freekassa`, `secret_word_freekassa`, `vkgroup`, `created_at`, `updated_at`) VALUES
(1,	'CubeCase.ru',	414744,	2313447,	'I45zas13',	'freekassa',	71339,	'cwy3nwdi',	'https://vk.com/cubecase',	'2019-01-19 16:54:12',	'2019-01-19 16:54:12');

DROP TABLE IF EXISTS `crafts`;
CREATE TABLE `crafts` (
  `id` int(11) NOT NULL AUTO_INCREMENT,
  `user_id` varchar(256) NOT NULL,
  `item_id` varchar(256) NOT NULL,
  `lots` varchar(256) NOT NULL,
  `created_at` timestamp NOT NULL DEFAULT CURRENT_TIMESTAMP ON UPDATE CURRENT_TIMESTAMP,
  `updated_at` timestamp NOT NULL DEFAULT '0000-00-00 00:00:00',
  PRIMARY KEY (`id`)
) ENGINE=InnoDB DEFAULT CHARSET=utf8;


DROP TABLE IF EXISTS `items`;
CREATE TABLE `items` (
  `id` int(11) NOT NULL AUTO_INCREMENT,
  `sell_price` int(255) NOT NULL,
  `name` varchar(256) NOT NULL,
  `img` text NOT NULL,
  `chance` int(255) NOT NULL,
  `key` text NOT NULL,
  `created_at` timestamp NOT NULL DEFAULT CURRENT_TIMESTAMP ON UPDATE CURRENT_TIMESTAMP,
  `updated_at` timestamp NOT NULL DEFAULT '0000-00-00 00:00:00',
  PRIMARY KEY (`id`)
) ENGINE=InnoDB DEFAULT CHARSET=utf8 ROW_FORMAT=DYNAMIC;

INSERT INTO `items` (`id`, `sell_price`, `name`, `img`, `chance`, `key`, `created_at`, `updated_at`) VALUES
(1,	150,	'150 вимеров',	'https://i.imgur.com/TES0gdl.png',	90,	'[\"3\",\"5\",\"6\",\"7\",\"123\",\"1231\"]',	'2019-01-22 06:58:59',	'2019-01-22 06:58:59'),
(2,	100,	'100 вимеров',	'https://i.imgur.com/Hlvge6T.png',	90,	'[\"\\u043a\\u0443\\u0446\\u043a\\u0446\",\"32\\u043a\\u0435\\u0446\\u0443\",\"5532\",\"\\u043f\\u0430\\u0432\\u043f\",\"\\u0435\\u043a\\u0443\\u0446\\u0435\"]',	'2019-01-22 06:58:30',	'2019-01-22 06:58:30'),
(3,	50,	'50 вимеров',	'https://i.imgur.com/ppyL6h3.png',	80,	'[\"55\",\"41\",\"33\"]',	'2019-01-22 06:57:49',	'2019-01-22 06:57:49'),
(4,	25,	'25 вимеров',	'https://i.imgur.com/UgItmj4.png',	60,	'[\"111\",\"22\"]',	'2019-01-22 09:23:45',	'2019-01-22 09:23:45'),
(5,	200,	'200 вимеров',	'https://i.imgur.com/8c2Wrhp.png',	10,	'[\"\\u043a\\u0443\\u0446\",\"\\u0443\\u043a\",\"\\u043f\\u043a\\u0443\",\"425\",\"\\u0440\\u0430\\u043f\",\"452\"]',	'2019-01-22 07:01:00',	'2019-01-22 07:01:00'),
(6,	250,	'250 вимеров',	'https://i.imgur.com/biAO7TV.png',	10,	'[\"\\u043a\\u0443\\u0446\",\"\\u0435\\u043a\\u0443\",\"43\",\"321\",\"\\u0440\\u0430\\u043f\",\"26\",\"\\u0435\\u0440\\u043f\\u0430\\u0432\\u0440\\u044343\"]',	'2019-01-22 07:01:49',	'2019-01-22 07:01:49'),
(7,	250,	'250 вимеров',	'https://i.imgur.com/biAO7TV.png',	10,	'[\"\\u043a\\u0443\\u0446\",\"\\u0435\\u043a\\u0443\",\"43\",\"321\",\"\\u0440\\u0430\\u043f\",\"26\",\"\\u0435\\u0440\\u043f\\u0430\\u0432\\u0440\\u044343\"]',	'2019-01-22 07:01:49',	'2019-01-22 07:01:49'),
(8,	250,	'250 вимеров',	'https://i.imgur.com/biAO7TV.png',	10,	'[\"\\u043a\\u0443\\u0446\",\"\\u0435\\u043a\\u0443\",\"43\",\"321\",\"\\u0440\\u0430\\u043f\",\"26\",\"\\u0435\\u0440\\u043f\\u0430\\u0432\\u0440\\u044343\"]',	'2019-01-22 07:01:49',	'2019-01-22 07:01:49'),
(9,	250,	'250 вимеров',	'https://i.imgur.com/biAO7TV.png',	10,	'[\"\\u043a\\u0443\\u0446\",\"\\u0435\\u043a\\u0443\",\"43\",\"321\",\"\\u0440\\u0430\\u043f\",\"26\",\"\\u0435\\u0440\\u043f\\u0430\\u0432\\u0440\\u044343\"]',	'2019-01-22 07:01:49',	'2019-01-22 07:01:49'),
(10,	250,	'250 вимеров',	'https://i.imgur.com/biAO7TV.png',	10,	'[\"\\u043a\\u0443\\u0446\",\"\\u0435\\u043a\\u0443\",\"43\",\"321\",\"\\u0440\\u0430\\u043f\",\"26\",\"\\u0435\\u0440\\u043f\\u0430\\u0432\\u0440\\u044343\"]',	'2019-01-22 07:01:49',	'2019-01-22 07:01:49'),
(11,	250,	'250 вимеров',	'https://i.imgur.com/biAO7TV.png',	10,	'[\"\\u043a\\u0443\\u0446\",\"\\u0435\\u043a\\u0443\",\"43\",\"321\",\"\\u0440\\u0430\\u043f\",\"26\",\"\\u0435\\u0440\\u043f\\u0430\\u0432\\u0440\\u044343\"]',	'2019-01-22 07:01:50',	'2019-01-22 07:01:50'),
(12,	250,	'250 вимеров',	'https://i.imgur.com/biAO7TV.png',	10,	'[\"\\u043a\\u0443\\u0446\",\"\\u0435\\u043a\\u0443\",\"43\",\"321\",\"\\u0440\\u0430\\u043f\",\"26\",\"\\u0435\\u0440\\u043f\\u0430\\u0432\\u0440\\u044343\"]',	'2019-01-22 07:01:50',	'2019-01-22 07:01:50'),
(13,	250,	'250 вимеров',	'https://i.imgur.com/biAO7TV.png',	10,	'[\"\\u043a\\u0443\\u0446\",\"\\u0435\\u043a\\u0443\",\"43\",\"321\",\"\\u0440\\u0430\\u043f\",\"26\",\"\\u0435\\u0440\\u043f\\u0430\\u0432\\u0440\\u044343\"]',	'2019-01-22 07:01:50',	'2019-01-22 07:01:50'),
(14,	250,	'250 вимеров',	'https://i.imgur.com/biAO7TV.png',	10,	'[\"\\u043a\\u0443\\u0446\",\"\\u0435\\u043a\\u0443\",\"43\",\"321\",\"\\u0440\\u0430\\u043f\",\"26\",\"\\u0435\\u0440\\u043f\\u0430\\u0432\\u0440\\u044343\"]',	'2019-01-22 07:01:50',	'2019-01-22 07:01:50'),
(15,	250,	'250 вимеров',	'https://i.imgur.com/biAO7TV.png',	10,	'[\"\\u043a\\u0443\\u0446\",\"\\u0435\\u043a\\u0443\",\"43\",\"321\",\"\\u0440\\u0430\\u043f\",\"26\",\"\\u0435\\u0440\\u043f\\u0430\\u0432\\u0440\\u044343\"]',	'2019-01-22 07:01:50',	'2019-01-22 07:01:50'),
(16,	250,	'250 вимеров',	'https://i.imgur.com/biAO7TV.png',	10,	'[\"\\u043a\\u0443\\u0446\",\"\\u0435\\u043a\\u0443\",\"43\",\"321\",\"\\u0440\\u0430\\u043f\",\"26\",\"\\u0435\\u0440\\u043f\\u0430\\u0432\\u0440\\u044343\"]',	'2019-01-22 07:01:50',	'2019-01-22 07:01:50'),
(17,	250,	'250 вимеров',	'https://i.imgur.com/biAO7TV.png',	10,	'[\"\\u043a\\u0443\\u0446\",\"\\u0435\\u043a\\u0443\",\"43\",\"321\",\"\\u0440\\u0430\\u043f\",\"26\",\"\\u0435\\u0440\\u043f\\u0430\\u0432\\u0440\\u044343\"]',	'2019-01-22 07:01:50',	'2019-01-22 07:01:50'),
(18,	250,	'250 вимеров',	'https://i.imgur.com/biAO7TV.png',	10,	'[\"\\u043a\\u0443\\u0446\",\"\\u0435\\u043a\\u0443\",\"43\",\"321\",\"\\u0440\\u0430\\u043f\",\"26\",\"\\u0435\\u0440\\u043f\\u0430\\u0432\\u0440\\u044343\"]',	'2019-01-22 07:01:50',	'2019-01-22 07:01:50'),
(19,	250,	'250 вимеров',	'https://i.imgur.com/biAO7TV.png',	10,	'[\"\\u043a\\u0443\\u0446\",\"\\u0435\\u043a\\u0443\",\"43\",\"321\",\"\\u0440\\u0430\\u043f\",\"26\",\"\\u0435\\u0440\\u043f\\u0430\\u0432\\u0440\\u044343\"]',	'2019-01-22 07:01:50',	'2019-01-22 07:01:50'),
(20,	250,	'250 вимеров',	'https://i.imgur.com/biAO7TV.png',	10,	'[\"\\u043a\\u0443\\u0446\",\"\\u0435\\u043a\\u0443\",\"43\",\"321\",\"\\u0440\\u0430\\u043f\",\"26\",\"\\u0435\\u0440\\u043f\\u0430\\u0432\\u0440\\u044343\"]',	'2019-01-22 07:01:51',	'2019-01-22 07:01:51'),
(21,	250,	'250 вимеров',	'https://i.imgur.com/biAO7TV.png',	10,	'[\"\\u043a\\u0443\\u0446\",\"\\u0435\\u043a\\u0443\",\"43\",\"321\",\"\\u0440\\u0430\\u043f\",\"26\",\"\\u0435\\u0440\\u043f\\u0430\\u0432\\u0440\\u044343\"]',	'2019-01-22 07:01:51',	'2019-01-22 07:01:51'),
(22,	250,	'250 вимеров',	'https://i.imgur.com/biAO7TV.png',	10,	'[\"\\u043a\\u0443\\u0446\",\"\\u0435\\u043a\\u0443\",\"43\",\"321\",\"\\u0440\\u0430\\u043f\",\"26\",\"\\u0435\\u0440\\u043f\\u0430\\u0432\\u0440\\u044343\"]',	'2019-01-22 07:01:51',	'2019-01-22 07:01:51'),
(23,	250,	'250 вимеров',	'https://i.imgur.com/biAO7TV.png',	10,	'[\"\\u043a\\u0443\\u0446\",\"\\u0435\\u043a\\u0443\",\"43\",\"321\",\"\\u0440\\u0430\\u043f\",\"26\",\"\\u0435\\u0440\\u043f\\u0430\\u0432\\u0440\\u044343\"]',	'2019-01-22 07:01:51',	'2019-01-22 07:01:51'),
(24,	250,	'250 вимеров',	'https://i.imgur.com/biAO7TV.png',	10,	'[\"\\u043a\\u0443\\u0446\",\"\\u0435\\u043a\\u0443\",\"43\",\"321\",\"\\u0440\\u0430\\u043f\",\"26\",\"\\u0435\\u0440\\u043f\\u0430\\u0432\\u0440\\u044343\"]',	'2019-01-22 07:01:51',	'2019-01-22 07:01:51'),
(25,	250,	'250 вимеров',	'https://i.imgur.com/biAO7TV.png',	10,	'[\"\\u043a\\u0443\\u0446\",\"\\u0435\\u043a\\u0443\",\"43\",\"321\",\"\\u0440\\u0430\\u043f\",\"26\",\"\\u0435\\u0440\\u043f\\u0430\\u0432\\u0440\\u044343\"]',	'2019-01-22 07:01:51',	'2019-01-22 07:01:51'),
(26,	250,	'250 вимеров',	'https://i.imgur.com/biAO7TV.png',	10,	'[\"\\u043a\\u0443\\u0446\",\"\\u0435\\u043a\\u0443\",\"43\",\"321\",\"\\u0440\\u0430\\u043f\",\"26\",\"\\u0435\\u0440\\u043f\\u0430\\u0432\\u0440\\u044343\"]',	'2019-01-22 07:01:51',	'2019-01-22 07:01:51'),
(27,	250,	'250 вимеров',	'https://i.imgur.com/biAO7TV.png',	10,	'[\"\\u043a\\u0443\\u0446\",\"\\u0435\\u043a\\u0443\",\"43\",\"321\",\"\\u0440\\u0430\\u043f\",\"26\",\"\\u0435\\u0440\\u043f\\u0430\\u0432\\u0440\\u044343\"]',	'2019-01-22 07:01:52',	'2019-01-22 07:01:52'),
(28,	250,	'250 вимеров',	'https://i.imgur.com/biAO7TV.png',	10,	'[\"\\u043a\\u0443\\u0446\",\"\\u0435\\u043a\\u0443\",\"43\",\"321\",\"\\u0440\\u0430\\u043f\",\"26\",\"\\u0435\\u0440\\u043f\\u0430\\u0432\\u0440\\u044343\"]',	'2019-01-22 07:01:52',	'2019-01-22 07:01:52'),
(29,	250,	'250 вимеров',	'https://i.imgur.com/biAO7TV.png',	10,	'[\"\\u043a\\u0443\\u0446\",\"\\u0435\\u043a\\u0443\",\"43\",\"321\",\"\\u0440\\u0430\\u043f\",\"26\",\"\\u0435\\u0440\\u043f\\u0430\\u0432\\u0440\\u044343\"]',	'2019-01-22 07:01:52',	'2019-01-22 07:01:52'),
(30,	250,	'250 вимеров',	'https://i.imgur.com/biAO7TV.png',	10,	'[\"\\u043a\\u0443\\u0446\",\"\\u0435\\u043a\\u0443\",\"43\",\"321\",\"\\u0440\\u0430\\u043f\",\"26\",\"\\u0435\\u0440\\u043f\\u0430\\u0432\\u0440\\u044343\"]',	'2019-01-22 07:01:52',	'2019-01-22 07:01:52'),
(31,	250,	'250 вимеров',	'https://i.imgur.com/biAO7TV.png',	10,	'[\"\\u043a\\u0443\\u0446\",\"\\u0435\\u043a\\u0443\",\"43\",\"321\",\"\\u0440\\u0430\\u043f\",\"26\",\"\\u0435\\u0440\\u043f\\u0430\\u0432\\u0440\\u044343\"]',	'2019-01-22 07:01:52',	'2019-01-22 07:01:52'),
(32,	250,	'250 вимеров',	'https://i.imgur.com/biAO7TV.png',	10,	'[\"\\u043a\\u0443\\u0446\",\"\\u0435\\u043a\\u0443\",\"43\",\"321\",\"\\u0440\\u0430\\u043f\",\"26\",\"\\u0435\\u0440\\u043f\\u0430\\u0432\\u0440\\u044343\"]',	'2019-01-22 07:01:52',	'2019-01-22 07:01:52'),
(33,	250,	'250 вимеров',	'https://i.imgur.com/biAO7TV.png',	10,	'[\"\\u043a\\u0443\\u0446\",\"\\u0435\\u043a\\u0443\",\"43\",\"321\",\"\\u0440\\u0430\\u043f\",\"26\",\"\\u0435\\u0440\\u043f\\u0430\\u0432\\u0440\\u044343\"]',	'2019-01-22 07:01:52',	'2019-01-22 07:01:52'),
(34,	250,	'250 вимеров',	'https://i.imgur.com/biAO7TV.png',	10,	'[\"\\u043a\\u0443\\u0446\",\"\\u0435\\u043a\\u0443\",\"43\",\"321\",\"\\u0440\\u0430\\u043f\",\"26\",\"\\u0435\\u0440\\u043f\\u0430\\u0432\\u0440\\u044343\"]',	'2019-01-22 07:01:52',	'2019-01-22 07:01:52'),
(35,	250,	'250 вимеров',	'https://i.imgur.com/biAO7TV.png',	10,	'[\"\\u043a\\u0443\\u0446\",\"\\u0435\\u043a\\u0443\",\"43\",\"321\",\"\\u0440\\u0430\\u043f\",\"26\",\"\\u0435\\u0440\\u043f\\u0430\\u0432\\u0440\\u044343\"]',	'2019-01-22 07:01:52',	'2019-01-22 07:01:52'),
(36,	250,	'250 вимеров',	'https://i.imgur.com/biAO7TV.png',	10,	'[\"\\u043a\\u0443\\u0446\",\"\\u0435\\u043a\\u0443\",\"43\",\"321\",\"\\u0440\\u0430\\u043f\",\"26\",\"\\u0435\\u0440\\u043f\\u0430\\u0432\\u0440\\u044343\"]',	'2019-01-22 07:01:53',	'2019-01-22 07:01:53'),
(37,	250,	'250 вимеров',	'https://i.imgur.com/biAO7TV.png',	10,	'[\"\\u043a\\u0443\\u0446\",\"\\u0435\\u043a\\u0443\",\"43\",\"321\",\"\\u0440\\u0430\\u043f\",\"26\",\"\\u0435\\u0440\\u043f\\u0430\\u0432\\u0440\\u044343\"]',	'2019-01-22 07:01:53',	'2019-01-22 07:01:53'),
(38,	250,	'250 вимеров',	'https://i.imgur.com/biAO7TV.png',	10,	'[\"\\u043a\\u0443\\u0446\",\"\\u0435\\u043a\\u0443\",\"43\",\"321\",\"\\u0440\\u0430\\u043f\",\"26\",\"\\u0435\\u0440\\u043f\\u0430\\u0432\\u0440\\u044343\"]',	'2019-01-22 07:01:53',	'2019-01-22 07:01:53'),
(39,	250,	'250 вимеров',	'https://i.imgur.com/biAO7TV.png',	10,	'[\"\\u043a\\u0443\\u0446\",\"\\u0435\\u043a\\u0443\",\"43\",\"321\",\"\\u0440\\u0430\\u043f\",\"26\",\"\\u0435\\u0440\\u043f\\u0430\\u0432\\u0440\\u044343\"]',	'2019-01-22 07:01:53',	'2019-01-22 07:01:53'),
(40,	250,	'250 вимеров',	'https://i.imgur.com/biAO7TV.png',	10,	'[\"\\u043a\\u0443\\u0446\",\"\\u0435\\u043a\\u0443\",\"43\",\"321\",\"\\u0440\\u0430\\u043f\",\"26\",\"\\u0435\\u0440\\u043f\\u0430\\u0432\\u0440\\u044343\"]',	'2019-01-22 07:01:53',	'2019-01-22 07:01:53'),
(41,	250,	'250 вимеров',	'https://i.imgur.com/biAO7TV.png',	10,	'[\"\\u043a\\u0443\\u0446\",\"\\u0435\\u043a\\u0443\",\"43\",\"321\",\"\\u0440\\u0430\\u043f\",\"26\",\"\\u0435\\u0440\\u043f\\u0430\\u0432\\u0440\\u044343\"]',	'2019-01-22 07:01:53',	'2019-01-22 07:01:53'),
(42,	250,	'250 вимеров',	'https://i.imgur.com/biAO7TV.png',	10,	'[\"\\u043a\\u0443\\u0446\",\"\\u0435\\u043a\\u0443\",\"43\",\"321\",\"\\u0440\\u0430\\u043f\",\"26\",\"\\u0435\\u0440\\u043f\\u0430\\u0432\\u0440\\u044343\"]',	'2019-01-22 07:01:53',	'2019-01-22 07:01:53'),
(43,	250,	'250 вимеров',	'https://i.imgur.com/biAO7TV.png',	10,	'[\"\\u043a\\u0443\\u0446\",\"\\u0435\\u043a\\u0443\",\"43\",\"321\",\"\\u0440\\u0430\\u043f\",\"26\",\"\\u0435\\u0440\\u043f\\u0430\\u0432\\u0440\\u044343\"]',	'2019-01-22 07:01:53',	'2019-01-22 07:01:53'),
(44,	250,	'250 вимеров',	'https://i.imgur.com/biAO7TV.png',	10,	'[\"\\u043a\\u0443\\u0446\",\"\\u0435\\u043a\\u0443\",\"43\",\"321\",\"\\u0440\\u0430\\u043f\",\"26\",\"\\u0435\\u0440\\u043f\\u0430\\u0432\\u0440\\u044343\"]',	'2019-01-22 07:01:54',	'2019-01-22 07:01:54'),
(45,	250,	'250 вимеров',	'https://i.imgur.com/biAO7TV.png',	10,	'[\"\\u043a\\u0443\\u0446\",\"\\u0435\\u043a\\u0443\",\"43\",\"321\",\"\\u0440\\u0430\\u043f\",\"26\",\"\\u0435\\u0440\\u043f\\u0430\\u0432\\u0440\\u044343\"]',	'2019-01-22 07:01:59',	'2019-01-22 07:01:59'),
(46,	250,	'250 вимеров',	'https://i.imgur.com/biAO7TV.png',	10,	'[\"\\u043a\\u0443\\u0446\",\"\\u0435\\u043a\\u0443\",\"43\",\"321\",\"\\u0440\\u0430\\u043f\",\"26\",\"\\u0435\\u0440\\u043f\\u0430\\u0432\\u0440\\u044343\"]',	'2019-01-22 07:01:59',	'2019-01-22 07:01:59'),
(47,	250,	'250 вимеров',	'https://i.imgur.com/biAO7TV.png',	10,	'[\"\\u043a\\u0443\\u0446\",\"\\u0435\\u043a\\u0443\",\"43\",\"321\",\"\\u0440\\u0430\\u043f\",\"26\",\"\\u0435\\u0440\\u043f\\u0430\\u0432\\u0440\\u044343\"]',	'2019-01-22 07:01:59',	'2019-01-22 07:01:59'),
(48,	250,	'250 вимеров',	'https://i.imgur.com/biAO7TV.png',	10,	'[\"\\u043a\\u0443\\u0446\",\"\\u0435\\u043a\\u0443\",\"43\",\"321\",\"\\u0440\\u0430\\u043f\",\"26\",\"\\u0435\\u0440\\u043f\\u0430\\u0432\\u0440\\u044343\"]',	'2019-01-22 07:01:59',	'2019-01-22 07:01:59'),
(49,	250,	'250 вимеров',	'https://i.imgur.com/biAO7TV.png',	10,	'[\"\\u043a\\u0443\\u0446\",\"\\u0435\\u043a\\u0443\",\"43\",\"321\",\"\\u0440\\u0430\\u043f\",\"26\",\"\\u0435\\u0440\\u043f\\u0430\\u0432\\u0440\\u044343\"]',	'2019-01-22 07:01:59',	'2019-01-22 07:01:59'),
(50,	250,	'250 вимеров',	'https://i.imgur.com/biAO7TV.png',	10,	'[\"\\u043a\\u0443\\u0446\",\"\\u0435\\u043a\\u0443\",\"43\",\"321\",\"\\u0440\\u0430\\u043f\",\"26\",\"\\u0435\\u0440\\u043f\\u0430\\u0432\\u0440\\u044343\"]',	'2019-01-22 07:01:59',	'2019-01-22 07:01:59'),
(51,	250,	'250 вимеров',	'https://i.imgur.com/biAO7TV.png',	10,	'[\"\\u043a\\u0443\\u0446\",\"\\u0435\\u043a\\u0443\",\"43\",\"321\",\"\\u0440\\u0430\\u043f\",\"26\",\"\\u0435\\u0440\\u043f\\u0430\\u0432\\u0440\\u044343\"]',	'2019-01-22 07:01:59',	'2019-01-22 07:01:59'),
(52,	250,	'250 вимеров',	'https://i.imgur.com/biAO7TV.png',	10,	'[\"\\u043a\\u0443\\u0446\",\"\\u0435\\u043a\\u0443\",\"43\",\"321\",\"\\u0440\\u0430\\u043f\",\"26\",\"\\u0435\\u0440\\u043f\\u0430\\u0432\\u0440\\u044343\"]',	'2019-01-22 07:01:59',	'2019-01-22 07:01:59'),
(53,	250,	'250 вимеров',	'https://i.imgur.com/biAO7TV.png',	10,	'[\"\\u043a\\u0443\\u0446\",\"\\u0435\\u043a\\u0443\",\"43\",\"321\",\"\\u0440\\u0430\\u043f\",\"26\",\"\\u0435\\u0440\\u043f\\u0430\\u0432\\u0440\\u044343\"]',	'2019-01-22 07:02:00',	'2019-01-22 07:02:00'),
(54,	250,	'250 вимеров',	'https://i.imgur.com/biAO7TV.png',	10,	'[\"\\u043a\\u0443\\u0446\",\"\\u0435\\u043a\\u0443\",\"43\",\"321\",\"\\u0440\\u0430\\u043f\",\"26\",\"\\u0435\\u0440\\u043f\\u0430\\u0432\\u0440\\u044343\"]',	'2019-01-22 07:02:00',	'2019-01-22 07:02:00'),
(55,	250,	'250 вимеров',	'https://i.imgur.com/biAO7TV.png',	10,	'[\"\\u043a\\u0443\\u0446\",\"\\u0435\\u043a\\u0443\",\"43\",\"321\",\"\\u0440\\u0430\\u043f\",\"26\",\"\\u0435\\u0440\\u043f\\u0430\\u0432\\u0440\\u044343\"]',	'2019-01-22 07:02:00',	'2019-01-22 07:02:00'),
(56,	250,	'250 вимеров',	'https://i.imgur.com/biAO7TV.png',	10,	'[\"\\u043a\\u0443\\u0446\",\"\\u0435\\u043a\\u0443\",\"43\",\"321\",\"\\u0440\\u0430\\u043f\",\"26\",\"\\u0435\\u0440\\u043f\\u0430\\u0432\\u0440\\u044343\"]',	'2019-01-22 07:02:00',	'2019-01-22 07:02:00'),
(57,	250,	'250 вимеров',	'https://i.imgur.com/biAO7TV.png',	10,	'[\"\\u043a\\u0443\\u0446\",\"\\u0435\\u043a\\u0443\",\"43\",\"321\",\"\\u0440\\u0430\\u043f\",\"26\",\"\\u0435\\u0440\\u043f\\u0430\\u0432\\u0440\\u044343\"]',	'2019-01-22 07:02:00',	'2019-01-22 07:02:00'),
(58,	250,	'250 вимеров',	'https://i.imgur.com/biAO7TV.png',	10,	'[\"\\u043a\\u0443\\u0446\",\"\\u0435\\u043a\\u0443\",\"43\",\"321\",\"\\u0440\\u0430\\u043f\",\"26\",\"\\u0435\\u0440\\u043f\\u0430\\u0432\\u0440\\u044343\"]',	'2019-01-22 07:02:00',	'2019-01-22 07:02:00'),
(59,	250,	'250 вимеров',	'https://i.imgur.com/biAO7TV.png',	10,	'[\"\\u043a\\u0443\\u0446\",\"\\u0435\\u043a\\u0443\",\"43\",\"321\",\"\\u0440\\u0430\\u043f\",\"26\",\"\\u0435\\u0440\\u043f\\u0430\\u0432\\u0440\\u044343\"]',	'2019-01-22 07:02:00',	'2019-01-22 07:02:00'),
(60,	250,	'250 вимеров',	'https://i.imgur.com/biAO7TV.png',	10,	'[\"\\u043a\\u0443\\u0446\",\"\\u0435\\u043a\\u0443\",\"43\",\"321\",\"\\u0440\\u0430\\u043f\",\"26\",\"\\u0435\\u0440\\u043f\\u0430\\u0432\\u0440\\u044343\"]',	'2019-01-22 07:02:00',	'2019-01-22 07:02:00'),
(61,	250,	'250 вимеров',	'https://i.imgur.com/biAO7TV.png',	10,	'[\"\\u043a\\u0443\\u0446\",\"\\u0435\\u043a\\u0443\",\"43\",\"321\",\"\\u0440\\u0430\\u043f\",\"26\",\"\\u0435\\u0440\\u043f\\u0430\\u0432\\u0440\\u044343\"]',	'2019-01-22 07:02:00',	'2019-01-22 07:02:00'),
(62,	250,	'250 вимеров',	'https://i.imgur.com/biAO7TV.png',	10,	'[\"\\u043a\\u0443\\u0446\",\"\\u0435\\u043a\\u0443\",\"43\",\"321\",\"\\u0440\\u0430\\u043f\",\"26\",\"\\u0435\\u0440\\u043f\\u0430\\u0432\\u0440\\u044343\"]',	'2019-01-22 07:02:01',	'2019-01-22 07:02:01'),
(63,	250,	'250 вимеров',	'https://i.imgur.com/biAO7TV.png',	10,	'[\"\\u043a\\u0443\\u0446\",\"\\u0435\\u043a\\u0443\",\"43\",\"321\",\"\\u0440\\u0430\\u043f\",\"26\",\"\\u0435\\u0440\\u043f\\u0430\\u0432\\u0440\\u044343\"]',	'2019-01-22 07:02:01',	'2019-01-22 07:02:01'),
(64,	250,	'250 вимеров',	'https://i.imgur.com/biAO7TV.png',	10,	'[\"\\u043a\\u0443\\u0446\",\"\\u0435\\u043a\\u0443\",\"43\",\"321\",\"\\u0440\\u0430\\u043f\",\"26\",\"\\u0435\\u0440\\u043f\\u0430\\u0432\\u0440\\u044343\"]',	'2019-01-22 07:02:01',	'2019-01-22 07:02:01'),
(65,	500,	'500 вимеров',	'https://i.imgur.com/AXUBfWx.png',	5,	'[\"5\",\"\\u0435\\u043a\\u0443\",\"45\\u043d\\u044045\",\"3\\u04405\\u0440\\u0430\\u043f\",\"436\\u043d\\u043f\\u0430\\u0432\",\"43\\u043d6\\u0443\\u043a\"]',	'2019-01-22 07:02:52',	'2019-01-22 07:02:52'),
(66,	1000,	'1000 вимеров',	'https://i.imgur.com/A3AGI0q.png',	1,	'[\"\\u043f\\u0430\\u0432\",\"\\u043a3\\u043d345\",\"\\u043f\\u0435\\u0435\\u0443\\u043a\\u043d354\",\"4535\\u0432\\u0435\\u0430\\u043f\",\"45634\\u043d\\u0432\\u0430\",\"46\\u0435\\u043f\\u0430\\u04322346\",\"\\u043a\\u0443\\u043d346\\u0432\\u043f\\u0430\"]',	'2019-01-22 07:03:37',	'2019-01-22 07:03:37'),
(67,	50,	'вайм ворлд плащ',	'https://i.imgur.com/hjtLEPw.png',	90,	'[\"\\u0435\\u043a\\u04353\",\"\\u0435\\u043d\\u043a\\u0443\\u043d\\u0443\",\"246\\u043f\\u0432\\u0430\",\"236\\u043f\\u044b\\u0430\\u0432\",\"135\\u0435\\u043d\\u0435\\u044b\\u043a\\u0432\",\"236\\u0435\\u043f\\u0430\\u0432\\u044b\"]',	'2019-01-22 07:05:50',	'2019-01-22 07:05:50'),
(68,	200,	'вайм ворлд вип',	'https://i.imgur.com/SFwegkE.png',	10,	'[\"10\",\"\\u043a\\u0443\\u0446\\u043a\\u0443\\u0446\",\"\\u043a\\u043d\\u043d\\u04403\\u0443\",\"436\\u043d76\\u043d\",\"\\u0440\\u0430\\u043f\\u04322336\\u043d2\"]',	'2019-01-22 07:08:13',	'2019-01-22 07:08:13'),
(69,	400,	'вайм ворлд премиум',	'https://i.imgur.com/0r1V2X4.png',	5,	'[\"\\u0435\\u043a\\u0443\\u0435\",\"\\u043534\\u043d\\u04353\",\"\\u043d\\u0443\\u0430\\u0432\\u0441\\u043c\\u043f\\u0438\",\"2346\\u043f\\u0432\\u0430\",\"246\\u043d\\u0432\\u0430\\u043f\"]',	'2019-01-22 07:09:21',	'2019-01-22 07:09:21'),
(70,	5000,	'вайм ворлд иммортал',	'https://i.imgur.com/Y59WQvQ.png',	1,	'[\"\\u0435\\u0443\\u043a\",\"54\\u043d\",\"54\\u04337\\u043d\",\"46\\u0433\\u0448\\u043d\",\"645\\u0448\\u043e\",\"64\\u0448\\u043f\\u043d\"]',	'2019-01-22 07:10:15',	'2019-01-22 07:10:15'),
(71,	1500,	'вайм ворлд холли',	'https://i.imgur.com/Kw2ICF2.png',	2,	'[\"\\u0443\\u0446\\u0435\",\"\\u043d\\u0435\\u043a\",\"\\u043d\\u0435\\u043a\\u043d3\",\"\\u0435\\u043d\\u043a\\u043d3\",\"\\u0440\\u043f\\u043034\\u0446\",\"\\u0440\\u0440343\\u043d7\",\"\\u043d\\u0435\\u0443\\u043a\\u0435\\u043d34632\"]',	'2019-01-22 07:11:03',	'2019-01-22 07:11:03'),
(72,	2000,	'майнкрафт ключ',	'https://i.imgur.com/OCr4tfS.png',	1,	'[\"\\u043a\\u0443\\u0446\\u0435\",\"\\u043543\",\"43\\u043d\",\"\\u043a\\u0443\\u043d43\",\"34\\u043d34\\u0443\",\"34\\u043d\\u0443\\u043a\"]',	'2019-01-22 07:26:46',	'2019-01-22 07:26:46'),
(73,	100,	'майнкрафт полный доступ',	'https://i.imgur.com/cMbkpda.png',	70,	'[\"\\u0443\\u0446\\u0435\\u0446\\u0443\\u0446\\u0435\",\"\\u0435\\u0443\\u0446\",\"432\\u0435\",\"4\\u043d\\u043a\\u0432\\u0430\",\"432\\u043d\\u0432\\u0430\",\"43\\u043d\\u0432\\u0430\"]',	'2019-01-22 09:21:32',	'2019-01-22 09:21:32'),
(74,	50,	'майнкрафт аккаунт',	'https://i.imgur.com/qm9Cfw2.png',	95,	'[\"\\u0443\\u0435\\u0446\",\"\\u043a\\u0443\\u0446\\u0435\",\"\\u0435\\u0443\\u043a\",\"\\u0435\\u0435\\u043a\",\"24\\u0435\\u0435\\u043a\\u043f\"]',	'2019-01-22 09:22:07',	'2019-01-22 09:22:07'),
(75,	15,	'баланс на аккаунт',	'https://i.imgur.com/e3LkPiT.png',	95,	'[\"tre\",\"u4\",\"u5t6\",\"4u8\",\"grtuyh\",\"45u7gfh\"]',	'2019-01-22 09:24:44',	'2019-01-22 09:24:44');

DROP TABLE IF EXISTS `live_drop`;
CREATE TABLE `live_drop` (
  `id` int(11) NOT NULL AUTO_INCREMENT,
  `user_id` varchar(256) NOT NULL,
  `item_id` varchar(256) NOT NULL,
  `case_id` varchar(256) NOT NULL,
  `key` varchar(256) NOT NULL,
  `vi` tinyint(3) unsigned NOT NULL DEFAULT '0',
  `created_at` timestamp NOT NULL DEFAULT CURRENT_TIMESTAMP ON UPDATE CURRENT_TIMESTAMP,
  `updated_at` timestamp NOT NULL DEFAULT '0000-00-00 00:00:00',
  PRIMARY KEY (`id`)
) ENGINE=InnoDB DEFAULT CHARSET=utf8;

INSERT INTO `live_drop` (`id`, `user_id`, `item_id`, `case_id`, `key`, `vi`, `created_at`, `updated_at`) VALUES
(1,	'1',	'1',	'2',	'CX8GDU',	1,	'2019-01-19 17:21:59',	'2019-01-19 17:21:59'),
(2,	'1',	'3',	'9',	'24XXA9',	1,	'2019-01-20 11:16:54',	'2019-01-20 11:16:54'),
(3,	'35',	'3',	'13',	'RDMQ5H',	1,	'2019-01-21 17:53:03',	'2019-01-21 17:53:03'),
(4,	'35',	'3',	'13',	'B9W6FH',	1,	'2019-01-21 18:01:02',	'2019-01-21 18:01:02'),
(5,	'3',	'4',	'8',	'EN96E7',	1,	'2019-01-22 07:23:56',	'2019-01-22 07:23:56'),
(6,	'3',	'3',	'8',	'DEMVGR',	0,	'2019-01-22 07:24:32',	'2019-01-22 07:24:32'),
(7,	'3',	'74',	'15',	'92KKJC',	0,	'2019-01-22 07:32:19',	'2019-01-22 07:32:19'),
(8,	'3',	'73',	'14',	'BP7F18',	0,	'2019-01-22 09:19:45',	'2019-01-22 09:19:45'),
(9,	'3',	'4',	'14',	'LTMMB6',	0,	'2019-01-22 09:20:16',	'2019-01-22 09:20:16'),
(10,	'3',	'74',	'14',	'SETOY5',	0,	'2019-01-22 09:21:37',	'2019-01-22 09:21:37'),
(11,	'3',	'4',	'14',	'TQ1XMH',	0,	'2019-01-22 09:22:12',	'2019-01-22 09:22:12'),
(12,	'3',	'4',	'14',	'12ATW5',	0,	'2019-01-22 09:23:31',	'2019-01-22 09:23:31'),
(13,	'3',	'74',	'14',	'LAQSO6',	0,	'2019-01-22 09:23:48',	'2019-01-22 09:23:48'),
(14,	'3',	'4',	'14',	'SMC1VF',	0,	'2019-01-22 09:24:01',	'2019-01-22 09:24:01'),
(15,	'3',	'74',	'14',	'OG84VK',	0,	'2019-01-22 09:24:25',	'2019-01-22 09:24:25'),
(16,	'3',	'73',	'14',	'TWVN08',	0,	'2019-01-22 09:24:47',	'2019-01-22 09:24:47'),
(17,	'3',	'4',	'14',	'KQBNZB',	0,	'2019-01-22 09:33:06',	'2019-01-22 09:33:06'),
(18,	'3',	'75',	'14',	'PLOUJP',	0,	'2019-01-22 09:34:04',	'2019-01-22 09:34:04'),
(19,	'3',	'75',	'14',	'0LHBO1',	0,	'2019-01-22 09:42:59',	'2019-01-22 09:42:59'),
(20,	'44',	'2',	'8',	'OGNM24',	1,	'2019-01-22 10:28:10',	'2019-01-22 10:28:10'),
(21,	'48',	'74',	'15',	'F9OM4F',	1,	'2019-01-22 12:24:51',	'2019-01-22 12:24:51'),
(22,	'3',	'74',	'15',	'ELHDNI',	0,	'2019-01-22 13:08:39',	'2019-01-22 13:08:39');

DROP TABLE IF EXISTS `orders`;
CREATE TABLE `orders` (
  `id` int(11) NOT NULL AUTO_INCREMENT,
  `user_id` varchar(256) NOT NULL,
  `amount` varchar(256) NOT NULL,
  `status` int(11) NOT NULL DEFAULT '0',
  `created_at` timestamp NOT NULL DEFAULT CURRENT_TIMESTAMP ON UPDATE CURRENT_TIMESTAMP,
  `updated_at` timestamp NOT NULL DEFAULT '0000-00-00 00:00:00',
  PRIMARY KEY (`id`)
) ENGINE=InnoDB DEFAULT CHARSET=utf8;

INSERT INTO `orders` (`id`, `user_id`, `amount`, `status`, `created_at`, `updated_at`) VALUES
(1,	'19',	'15',	0,	'2019-01-20 17:01:26',	'2019-01-20 17:01:26'),
(2,	'35',	'199',	0,	'2019-01-21 17:48:04',	'2019-01-21 17:48:04'),
(3,	'35',	'120',	0,	'2019-01-21 17:48:16',	'2019-01-21 17:48:16'),
(4,	'35',	'120',	0,	'2019-01-21 17:49:20',	'2019-01-21 17:49:20'),
(5,	'35',	'120',	0,	'2019-01-21 17:49:20',	'2019-01-21 17:49:20'),
(6,	'35',	'199',	0,	'2019-01-21 17:49:54',	'2019-01-21 17:49:54'),
(7,	'35',	'50',	1,	'2019-01-21 17:51:09',	'2019-01-21 17:51:09'),
(8,	'35',	'50',	1,	'2019-01-21 17:58:40',	'2019-01-21 17:58:40'),
(9,	'39',	'36',	0,	'2019-01-22 05:01:56',	'2019-01-22 05:01:56'),
(10,	'39',	'36',	0,	'2019-01-22 05:02:05',	'2019-01-22 05:02:05'),
(11,	'39',	'36',	0,	'2019-01-22 05:02:05',	'2019-01-22 05:02:05'),
(12,	'39',	'35',	0,	'2019-01-22 05:03:28',	'2019-01-22 05:03:28'),
(13,	'39',	'32',	0,	'2019-01-22 05:04:24',	'2019-01-22 05:04:24'),
(14,	'39',	'32',	0,	'2019-01-22 05:04:24',	'2019-01-22 05:04:24'),
(15,	'44',	'120',	1,	'2019-01-22 10:26:36',	'2019-01-22 10:26:36'),
(16,	'48',	'25',	1,	'2019-01-22 12:23:42',	'2019-01-22 12:23:42');

DROP TABLE IF EXISTS `promocodes`;
CREATE TABLE `promocodes` (
  `id` int(11) NOT NULL AUTO_INCREMENT,
  `code` varchar(256) NOT NULL,
  `count` int(255) NOT NULL,
  `price` int(255) NOT NULL,
  `created_at` timestamp NOT NULL DEFAULT CURRENT_TIMESTAMP ON UPDATE CURRENT_TIMESTAMP,
  `updated_at` timestamp NOT NULL DEFAULT '0000-00-00 00:00:00',
  PRIMARY KEY (`id`)
) ENGINE=InnoDB DEFAULT CHARSET=utf8;


DROP TABLE IF EXISTS `promocode_use`;
CREATE TABLE `promocode_use` (
  `id` int(11) NOT NULL AUTO_INCREMENT,
  `user_id` int(255) NOT NULL,
  `code_id` int(255) NOT NULL,
  `created_at` timestamp NOT NULL DEFAULT CURRENT_TIMESTAMP ON UPDATE CURRENT_TIMESTAMP,
  `updated_at` timestamp NOT NULL DEFAULT '0000-00-00 00:00:00',
  PRIMARY KEY (`id`)
) ENGINE=InnoDB DEFAULT CHARSET=utf8;


DROP TABLE IF EXISTS `users`;
CREATE TABLE `users` (
  `id` int(11) NOT NULL AUTO_INCREMENT,
  `name` varchar(256) NOT NULL,
  `avatar` varchar(256) NOT NULL,
  `user_id` varchar(256) NOT NULL,
  `balance` int(255) NOT NULL DEFAULT '0',
  `open_box` int(255) NOT NULL DEFAULT '0',
  `open_sum` int(255) NOT NULL DEFAULT '0',
  `affiliate_code` varchar(256) DEFAULT NULL,
  `affiliate_use` varchar(256) DEFAULT NULL,
  `affiliate_profit` int(255) NOT NULL DEFAULT '0',
  `role` varchar(256) NOT NULL DEFAULT 'user',
  `remember_token` text,
  `h` tinyint(1) NOT NULL DEFAULT '0',
  `created_at` timestamp NOT NULL DEFAULT CURRENT_TIMESTAMP ON UPDATE CURRENT_TIMESTAMP,
  `updated_at` timestamp NOT NULL DEFAULT '0000-00-00 00:00:00',
  PRIMARY KEY (`id`)
) ENGINE=InnoDB DEFAULT CHARSET=utf8;

INSERT INTO `users` (`id`, `name`, `avatar`, `user_id`, `balance`, `open_box`, `open_sum`, `affiliate_code`, `affiliate_use`, `affiliate_profit`, `role`, `remember_token`, `h`, `created_at`, `updated_at`) VALUES
(1,	'Alderson Edward',	'https://pp.userapi.com/c846124/v846124498/9a85e/CV4tsswMwXQ.jpg?ava=1',	'456185847',	5387,	2,	0,	'24705',	NULL,	0,	'admin',	'jhpaNoP09JCJjc9F0U7sgARNPqGehd24hPfdbV0EArKfe8LkUHcGpOT4yDBh',	0,	'2019-01-22 15:03:58',	'2019-01-22 15:03:58'),
(2,	'Зырянов Вадим',	'https://pp.userapi.com/c850432/v850432164/1de4b/FW_qGWCfGMI.jpg?ava=1',	'371638240',	0,	0,	0,	'64960',	NULL,	0,	'user',	'HHyH1s3n9pspZSgSmhP4PILIm5OlndHcXOVCj0RRTkqs4EipTMc8IQEP3LnA',	0,	'2019-01-19 17:10:42',	'2019-01-19 17:10:42'),
(3,	'Епифанцев Иван',	'https://sun1-2.userapi.com/c849332/v849332610/7c155/lOpMAIhB_aw.jpg?ava=1',	'276777067',	9291,	16,	0,	'32306',	NULL,	0,	'admin',	'ZkU1UuaeTu828UnuJ6dD86NhxEldnXOdFRizEQfspBmrn4qB99t6AgHdni0v',	0,	'2019-01-22 13:08:39',	'2019-01-22 13:08:39'),
(4,	'Гончар Даниїл',	'https://pp.userapi.com/c845420/v845420290/bc9a1/YYN1g4jeXlQ.jpg?ava=1',	'336997955',	0,	0,	0,	'97569',	NULL,	0,	'user',	'euiUdffOJJaU6W1dcjYK7J9d2WcSsbg3t3nY4UZ2fs8XymxVMBBIFbzNL4cu',	0,	'2019-01-19 17:22:01',	'2019-01-19 17:22:01'),
(5,	'Москович Назар',	'https://pp.userapi.com/c849428/v849428220/242e0/NmrEsL5CPGU.jpg?ava=1',	'496132422',	0,	0,	0,	'71386',	NULL,	0,	'user',	'qUHMx09xte9dey3KGWP2B0GgvSzzewVDYWhWwDDQUAmBFg1La0nVdE9mIDxO',	0,	'2019-01-19 17:32:11',	'2019-01-19 17:32:11'),
(6,	'Жилевич Стас',	'https://pp.userapi.com/c844417/v844417457/145c6c/T45k1xcTWjo.jpg?ava=1',	'387848933',	0,	0,	0,	'96776',	NULL,	0,	'user',	'1gKBeNIKa0FsZGqDM3wRK81NQDDhCYCGO0Dq5a8pHUsFHClo97cia48cjMUM',	1,	'2019-01-19 20:08:14',	'2019-01-19 20:07:48'),
(7,	'Сергиенко Никита',	'https://pp.userapi.com/c848736/v848736278/ec360/vaSfpT9XL4U.jpg?ava=1',	'492538440',	0,	0,	0,	'59711',	NULL,	0,	'user',	'JW0uKPpLfwgaFXIVNAGpzVelnPaOl1EWZReFAX08GaFOdpIO00KK48ZnFxe0',	0,	'2019-01-19 20:43:15',	'2019-01-19 20:43:15'),
(8,	'Шаповал Рома',	'https://pp.userapi.com/c636930/v636930560/5c083/gBemwP4QZXo.jpg?ava=1',	'219963560',	0,	0,	0,	'03984',	NULL,	0,	'user',	'4rSodMu1YeZ9hJGyIwWC8t3vV1FtVfUYlDACEMagY4tvEac16S4jq79ZKhN4',	0,	'2019-01-19 22:35:10',	'2019-01-19 22:35:10'),
(9,	'Холод Миша',	'https://vk.com/images/camera_200.png?ava=1',	'518893232',	0,	0,	0,	'24449',	NULL,	0,	'user',	'QpHYhXACfQvU4lwuAFhjSJowTLdE7iYpehBCTBc3DA2GUyk3MMUAGwWwWESn',	0,	'2019-01-20 03:27:38',	'2019-01-20 03:27:38'),
(10,	'Шурухин Захар',	'https://pp.userapi.com/c849432/v849432674/8b01/ApLSv0GmIVE.jpg?ava=1',	'463227608',	0,	0,	0,	'50300',	NULL,	0,	'user',	'BZdoGuKUrZBLl2DAnoXxa3uHbulS1GWuiLbKAZx4ktOqcDXQCAClfqzzrRAD',	0,	'2019-01-20 06:25:52',	'2019-01-20 06:25:11'),
(11,	'Vasilyev Petya',	'https://vk.com/images/camera_200.png?ava=1',	'497351138',	0,	0,	0,	'23264',	NULL,	0,	'user',	'j788Ykx7gOsyPP1cT2HWM1mJXP3f3fwRintYdHHfaKj9HVIy1fG7Hwal8xkO',	0,	'2019-01-20 06:52:42',	'2019-01-20 06:52:42'),
(12,	'Мусаев Арзу',	'https://pp.userapi.com/c845416/v845416738/160f82/isv63nhuhrA.jpg?ava=1',	'408789385',	0,	0,	0,	'45191',	NULL,	0,	'user',	'no5szFa4j3S5t3vKY0dLXeyt3T5pqYzlHVd9KSsG3J6dNrIVp9inhPGVvOhb',	0,	'2019-01-20 07:05:03',	'2019-01-20 07:05:03'),
(13,	'Торгунаков Саша',	'https://pp.userapi.com/c849136/v849136987/1e1b9/iva197-pkYM.jpg?ava=1',	'341603809',	0,	0,	0,	'53396',	NULL,	0,	'user',	'NpwQ0ndnr5bFLSxZqJFIA5tZp9eeDET6iVlDpxABGHH2s0mMhJYkTqHJmr07',	0,	'2019-01-20 07:22:11',	'2019-01-20 07:22:11'),
(14,	'Сопин Михаил',	'https://pp.userapi.com/c848732/v848732294/f8824/hz4d8JTR4fg.jpg?ava=1',	'445309603',	0,	0,	0,	'55111',	NULL,	0,	'user',	'X6NPZwVP7I6gcLbZf9dOQVu2xvJXkRXau0lndIgtmluA4A1zKP4o5iwE9kyK',	0,	'2019-01-20 09:43:40',	'2019-01-20 09:43:40'),
(15,	'Kleshov Danil',	'https://pp.userapi.com/c631221/v631221288/50cea/a1u1fNRlKnY.jpg?ava=1',	'175215288',	0,	0,	0,	'72439',	NULL,	0,	'user',	'xcNIud1ApJK9gM909I7T9PNfLPxPDJ7qiLSha1sVh300QdZzTYgIeK8spH80',	0,	'2019-01-20 09:55:38',	'2019-01-20 09:55:38'),
(16,	'Миняйло Саша',	'https://pp.userapi.com/c824602/v824602056/14315/TDmTTvivpug.jpg?ava=1',	'405268344',	0,	0,	0,	'78476',	NULL,	0,	'user',	'BwNEmr8VJDRCxS52WLg7FIMc6KBFn2fBVmPgkpCTM4AY4pB3MkD1HyzKNTwQ',	0,	'2019-01-20 11:46:37',	'2019-01-20 11:46:37'),
(17,	'Кот Саша',	'https://pp.userapi.com/c851532/v851532660/19d2c/KKO8oaYg5Pk.jpg?ava=1',	'491814303',	0,	0,	0,	'40731',	NULL,	0,	'user',	'OezSUnFPLrqxp4J1N7IdufbhwUZqk2acuPpkyi5IotQEENIdwKN4CJHA5KCW',	0,	'2019-01-20 14:00:40',	'2019-01-20 14:00:40'),
(18,	'Кробков Дима',	'https://pp.userapi.com/c851132/v851132411/9199b/1NaKgSj0FmA.jpg?ava=1',	'498720993',	0,	0,	0,	'15738',	NULL,	0,	'user',	'5nYzKUd3VLqixl5qrWPbtONJBJ13iaKd8ZP05cTBSd1oRiVfGmgk7z7lPRW1',	0,	'2019-01-20 15:34:57',	'2019-01-20 15:34:57'),
(19,	'Сатулбаев Данил',	'https://pp.userapi.com/c844724/v844724371/17bc48/H0iEPWDG-Ew.jpg?ava=1',	'233640182',	0,	0,	0,	'92817',	NULL,	0,	'user',	'NPtnYxqxlt957xa5UNLKi9h68Otr7AU0tWE0WhUvRlciEP9uiyYCxPR9EAje',	0,	'2019-01-20 17:00:27',	'2019-01-20 17:00:27'),
(20,	'Лихацкий Андрей',	'https://pp.userapi.com/c834100/v834100866/16e42e/FunotDYG8SY.jpg?ava=1',	'173040149',	0,	0,	0,	'61099',	NULL,	0,	'user',	'RGnIlVqgsAgclHhrjFG07XJMnZMUILGgtoByaktWIJP9MOZq5b1d3XEVCekD',	0,	'2019-01-20 18:07:28',	'2019-01-20 18:07:28'),
(21,	'Иваненко Евгений',	'https://pp.userapi.com/c847017/v847017870/16d9e6/plMsuAJhxy4.jpg?ava=1',	'523601065',	0,	0,	0,	'88631',	NULL,	0,	'user',	'4VaMkuV0gHR24gdK3wGMJNIJt2LBB5M9SY1nlF1xNYAH28bQ3Sq66irQz06q',	0,	'2019-01-20 20:25:07',	'2019-01-20 20:25:07'),
(22,	'Gamer Flemus',	'https://pp.userapi.com/c852016/v852016905/601c4/rSCAa6wKyI0.jpg?ava=1',	'493720487',	0,	0,	0,	'02739',	NULL,	0,	'user',	'HGmx9Ao4nGJvFsqIHTVx1xO1llqi60JoUvIotoP8awcrk7beyrsFbzeO79Na',	0,	'2019-01-22 06:21:30',	'2019-01-22 06:21:30'),
(23,	'Филатов Гордей',	'https://pp.userapi.com/c847218/v847218797/64bfa/rW2u4ZiaMCc.jpg?ava=1',	'373879754',	0,	0,	0,	'13850',	NULL,	0,	'user',	'OowP4R8cPEgemJwTLkSOpKjguvByP7XdSKdKXvXTtcdOiKZAneT91cZXmoqh',	0,	'2019-01-21 08:57:25',	'2019-01-21 08:57:25'),
(24,	'Мирный Данил',	'https://sun1-10.userapi.com/c845418/v845418188/11a80a/SfEt6JJcdZY.jpg?ava=1',	'462848084',	0,	0,	0,	'33484',	NULL,	0,	'user',	'JpNX3RoNrHxtcpWf6E7S2ZZKaxWr0sDh5pqGYeVUImVJ2UOSy5pHpjKj51gp',	0,	'2019-01-21 11:32:00',	'2019-01-21 11:32:00'),
(25,	'Баянкин Илья',	'https://pp.userapi.com/c824604/v824604895/6b34a/J-2i3rpNdH0.jpg?ava=1',	'307927163',	0,	0,	0,	'06395',	NULL,	0,	'user',	'WPxp9Btt979buI1CA7Iftuv2zrc4Iv9wp8XpEvpmGhsZ4i0onYbzUtBf0ZnZ',	0,	'2019-01-21 11:32:05',	'2019-01-21 11:32:05'),
(26,	'Морелёв Александр',	'https://pp.userapi.com/c840322/v840322942/70b43/lXXHR6XwzRg.jpg?ava=1',	'495132969',	0,	0,	0,	'83948',	NULL,	0,	'user',	'76HOQ8KBceNDZMlhi9ZdBYAvSETbKaw4gPdS1la0SUVaJUjNFwO62JTT6ZJO',	0,	'2019-01-21 11:32:28',	'2019-01-21 11:32:28'),
(27,	'Ламберг Константин',	'https://pp.userapi.com/c830508/v830508667/1b9fee/jmh6RwCrMNM.jpg?ava=1',	'474968580',	0,	0,	0,	'40369',	NULL,	0,	'user',	'PwoL3LniQSuy7htquTok2TVt6psz3bhD9tFeywHK6u3k6Xmr8alZrbwKXIKD',	0,	'2019-01-21 11:35:29',	'2019-01-21 11:35:29'),
(28,	'Нубасик Нубасик',	'https://vk.com/images/camera_200.png?ava=1',	'525477506',	0,	0,	0,	'09022',	NULL,	0,	'user',	'6gAhofideNxf2OQsx9x93QDrKkfdK6NW386SJOcU861I2PGfSbUU65gjbqze',	0,	'2019-01-21 11:41:38',	'2019-01-21 11:41:38'),
(29,	'Галиахметов Ильдан',	'https://vk.com/images/camera_200.png?ava=1',	'466023975',	0,	0,	0,	'81301',	NULL,	0,	'user',	'yjWrBSvM5QUHBx9kFV0l7E5VM3v81tC9rKj6aitWSRyIFYxnYO0fG0tHBw7y',	0,	'2019-01-21 11:56:03',	'2019-01-21 11:56:03'),
(30,	'Галиахметов Ильшат',	'https://sun1-4.userapi.com/c851132/v851132117/78318/wMqD3Ar2uIE.jpg?ava=1',	'326047976',	0,	0,	0,	'73094',	NULL,	0,	'user',	'IArt23T8OSgZ7zgSwsuVumXm6YWBuvQudMo1rJQR0bm30PoaR39kfrhQcMBh',	0,	'2019-01-21 13:05:46',	'2019-01-21 13:05:46'),
(31,	'Прокофьев Андрей',	'https://pp.userapi.com/c841525/v841525039/68a72/Y6BrWTwxwvY.jpg?ava=1',	'249168269',	0,	0,	0,	'56356',	NULL,	0,	'user',	'nVaXgPDGDQdgXkXhkRRLiLF7KkqdVmTAbOXNYRbjKKSZMbI41QiFQc90xOsq',	0,	'2019-01-21 13:19:44',	'2019-01-21 13:19:44'),
(32,	'Попов Давид',	'https://pp.userapi.com/c847217/v847217023/6ade0/ROKBwrIT-kg.jpg?ava=1',	'273919204',	0,	0,	0,	'25683',	NULL,	0,	'user',	'ykLvCVARzC47NchtColIVL04bgvLVuESVtE4td37dHHPpcaMhhmm7ODh8GpT',	0,	'2019-01-21 16:02:56',	'2019-01-21 16:02:56'),
(33,	'Сухолова Сабріна',	'https://pp.userapi.com/c849428/v849428984/8bcf7/u106IcLbbwM.jpg?ava=1',	'393601950',	0,	0,	0,	'84418',	NULL,	0,	'user',	'dgjSNlGLEfDSBycjuIRnsog3spD6ncdLwXg48F99JS1umKkS1QDO8rkYI6HB',	0,	'2019-01-21 16:51:18',	'2019-01-21 16:51:18'),
(34,	'Bro Vetren',	'https://pp.userapi.com/c851328/v851328356/97021/MWW2TPyh85o.jpg?ava=1',	'527633447',	0,	0,	0,	'77993',	NULL,	0,	'user',	'MS8nCiGZ1W2tplsmddZAwuJdTcQcE2xr8huUvZXG45Y3JohWfQNdxeZYVCLI',	0,	'2019-01-21 17:42:46',	'2019-01-21 17:42:46'),
(35,	'Приказнов Дима',	'https://pp.userapi.com/c847218/v847218079/15246a/z5ea_ORcLzk.jpg?ava=1',	'375525059',	2,	2,	0,	'87609',	NULL,	0,	'user',	'kQsChtZTGfwLqtie9mfOQfmEmEWTO0LREGX7zLFGeAcIOkgvJK1mWiheVKSw',	0,	'2019-01-21 18:00:42',	'2019-01-21 18:00:42'),
(36,	'Славко Богдан',	'https://pp.userapi.com/c846322/v846322897/72e1f/nMZF9sEebXM.jpg?ava=1',	'491981579',	0,	0,	0,	'81186',	NULL,	0,	'user',	'zYgtvWS88K6cMLahzMqpo8FYk3mnYLo8Pj9DgjxFMfUBcJjxP9jwERhPrLho',	0,	'2019-01-21 19:38:55',	'2019-01-21 19:38:55'),
(37,	'Minecraft Irutin',	'https://pp.userapi.com/c848628/v848628906/e54c7/3kqPt0dYu2g.jpg?ava=1',	'517463856',	0,	0,	0,	'68882',	NULL,	0,	'user',	'NFDRmBsDRVZXaXHxqddO26RbgKmKXtN86C4GjtAqyaawKhBtUJapNlk9xLcz',	0,	'2019-01-21 20:56:35',	'2019-01-21 20:56:35'),
(38,	'Polkachev Artem',	'https://pp.userapi.com/c824504/v824504618/73c38/JgNQefWaI-A.jpg?ava=1',	'452220950',	0,	0,	0,	'78859',	NULL,	0,	'user',	'abbRHsf1T0Orm0SJ6dxEpv7jlTjSl6bdE6aaBMhxxbCEwmy9qBopohoHsKwC',	0,	'2019-01-21 22:04:25',	'2019-01-21 22:04:25'),
(39,	'Казаков Арсен',	'https://pp.userapi.com/c848624/v848624596/a2ef7/tgxuAPNfrN0.jpg?ava=1',	'490326928',	0,	0,	0,	'83614',	NULL,	0,	'user',	'zvBSYwnHSStdzhLZ7pTKVWgvmcKcahZWcYxbF8IO3zyFSJpptydtkXlMH39A',	0,	'2019-01-22 05:00:47',	'2019-01-22 05:00:47'),
(40,	'Лайкович Стас',	'https://pp.userapi.com/c844216/v844216252/179d4c/Ikx2QBWyp2A.jpg?ava=1',	'358118749',	0,	0,	0,	'74908',	NULL,	0,	'user',	'udv4KAhKJoFBCEext4KY1dZEDjxk5O4cDC7M7SD1JusKoynWdc1No1GUh9KT',	0,	'2019-01-22 06:12:34',	'2019-01-22 06:12:34'),
(41,	'Дякова Юлия',	'https://pp.userapi.com/c844216/v844216869/154e20/m8EBv8UsK6k.jpg?ava=1',	'354600541',	0,	0,	0,	'74685',	NULL,	0,	'user',	'SCucJyC7cTPyxTcLEItZjjmHFQznT0JQHtwoUkJjZn9fkDMR7NhM0s8gx87S',	0,	'2019-01-22 06:34:24',	'2019-01-22 06:34:24'),
(42,	'Смехович Артём',	'https://pp.userapi.com/c845020/v845020118/1711f0/6rLgSBFKQzw.jpg?ava=1',	'410450949',	0,	0,	0,	'94110',	NULL,	0,	'user',	'G5P7JMIPaBtk1tr4FUWkuiKxwPmwllGAjz4pzQHAKL86qnsul9TqXUO2jKA8',	0,	'2019-01-22 06:37:04',	'2019-01-22 06:37:04'),
(43,	'Тишкин Саша',	'https://pp.userapi.com/c848632/v848632371/fce73/8ec2GDo9PCU.jpg?ava=1',	'505605290',	0,	0,	0,	'25936',	NULL,	0,	'user',	'ISOGAyuRFKCmkC0sDyU9XMhdFnmRC1ePCCryRUAKcGy5q8y3pQznPlubaznn',	0,	'2019-01-22 07:22:58',	'2019-01-22 07:22:58'),
(44,	'Докукин Андрей',	'https://pp.userapi.com/c849524/v849524508/10a5e6/Ls4TcQox10U.jpg?ava=1',	'351654716',	1,	1,	0,	'83094',	NULL,	0,	'user',	'enfKPoi5TgjAnTUj45CmYkzwRKlnJinGvIwyyK9X49FxCwU4cjizQgsSZNDV',	0,	'2019-01-22 11:48:19',	'2019-01-22 11:48:19'),
(45,	'Соколов Кирилл',	'https://pp.userapi.com/c831109/v831109190/1c976b/XtCaa7Rwcek.jpg?ava=1',	'431127671',	0,	0,	0,	'92137',	NULL,	0,	'user',	't1Yy2WJ3Ifo3K7enrXENV5aFeNd7GMv4e2oNNVSwvQvCY1YMSzPRjgNqGEve',	0,	'2019-01-22 10:32:04',	'2019-01-22 10:32:04'),
(46,	'Райский Матвей',	'https://pp.userapi.com/c847020/v847020013/10e5a5/6zPvMMfqlg8.jpg?ava=1',	'330447987',	0,	0,	0,	'01147',	NULL,	0,	'user',	'07aNWi54EUWtU2kPe1JaWcDqLaLosAcAbF89gnDBZ0qPh7h53uRRzsXRyJKp',	0,	'2019-01-22 11:23:21',	'2019-01-22 11:23:21'),
(47,	'Хабиров Эльмир',	'https://pp.userapi.com/c846417/v846417953/a36ec/4xEXof57j6c.jpg?ava=1',	'240444129',	0,	0,	0,	'80053',	NULL,	0,	'user',	'1kB8Buc6mgDLalTcsZVt52P0Xnb2XbAiptff6wB1zifpCHIZKNgKjeXG9G3V',	0,	'2019-01-22 11:42:37',	'2019-01-22 11:42:37'),
(48,	'Гаман Анатолий',	'https://pp.userapi.com/c845323/v845323998/179ac9/ihJ6TDw6HB0.jpg?ava=1',	'522449169',	0,	1,	0,	'19985',	NULL,	0,	'user',	'ArtksgzvJQHW7dE3rC75I0RmyZWS7EDoS0ZSuEdQUG2oklcINeyoCgNfo6mm',	0,	'2019-01-22 12:24:38',	'2019-01-22 12:24:38'),
(49,	'Депиков Никита',	'https://pp.userapi.com/c846122/v846122318/149351/tOfRKhDjkLg.jpg?ava=1',	'328203053',	0,	0,	0,	'07568',	NULL,	0,	'user',	'hBh6xNZwcUpWyTauMu8akVBz0D3Wmgbido3BqIbOwbHCC7PbIzEi2ydvH3Py',	0,	'2019-01-22 13:14:19',	'2019-01-22 13:14:19'),
(50,	'Легенчук Артём',	'https://pp.userapi.com/c845522/v845522043/137ef3/5YXJ7g-xahY.jpg?ava=1',	'481198875',	0,	0,	0,	'43079',	NULL,	0,	'user',	'kNPnJC8QvTv1SLZh0h1y9pFGc71Eih48k4Gf6M8pV3utY5TldKfXuKELiaFw',	0,	'2019-01-22 14:02:51',	'2019-01-22 14:02:51'),
(51,	'Кузнєцов Андрій',	'https://pp.userapi.com/c847218/v847218754/68145/HjfsyOizfKE.jpg?ava=1',	'202371996',	0,	0,	0,	'71709',	NULL,	0,	'user',	'lCCQr6kbc9pA71HsNFD7kzGVyWhdxXzahcxlusNqwyghCqe4wHzE4RjvamTi',	0,	'2019-01-22 13:32:27',	'2019-01-22 13:32:27'),
(52,	'Кобзев Дима',	'https://pp.userapi.com/c851020/v851020433/97313/eOUMHgMZjQ4.jpg?ava=1',	'299204973',	0,	0,	0,	'33463',	NULL,	0,	'user',	'IsHrqAvjCeic8H0J4Z5hVt9vMp2KerM4YgFsVuF5zGM4cbPIm5XERzlDFr7b',	0,	'2019-01-22 13:56:38',	'2019-01-22 13:56:38'),
(53,	'Пивкин Никита',	'https://pp.userapi.com/c845524/v845524308/d60ce/Do9QJgv2ITI.jpg?ava=1',	'339282286',	0,	0,	0,	'71157',	NULL,	0,	'user',	'3Epy1nD5qtaU6MXxZt1vMP60bYuTzITAVSSOGqYCtqjm3yGEjPL535uCbQER',	0,	'2019-01-22 13:56:48',	'2019-01-22 13:56:48'),
(54,	'Kratenko Denis',	'https://pp.userapi.com/c846418/v846418180/17a1fb/XMKj5JuqT54.jpg?ava=1',	'450323296',	0,	0,	0,	'71349',	NULL,	0,	'user',	'8NMrCVYolSFB6gMS2u081XTiYTbGsSrgiZCO1mP2ePFCDU6xmcZzDrwEG9hy',	0,	'2019-01-22 14:11:39',	'2019-01-22 14:11:39'),
(55,	'Ковалевскій Аліксандр',	'https://pp.userapi.com/c850036/v850036308/d10d0/iREr5gE7TSw.jpg?ava=1',	'324609066',	0,	0,	0,	'50909',	NULL,	0,	'user',	'HrUwVUVMWSEoL9qI9z43wtNe8XxQ0PrCB8XBlsAw1JfqybrdYMnEgN5VvpAl',	0,	'2019-01-22 14:31:01',	'2019-01-22 14:31:01'),
(56,	'Барынькин Данил',	'https://pp.userapi.com/c851132/v851132817/2d91b/Cg5cVIsnqQM.jpg?ava=1',	'363187867',	0,	0,	0,	'31333',	NULL,	0,	'user',	'THK7nAnhyQ2HuWLYda5g479PR2rfb6rVlNfkIdmjq6Qap5WtK7zNSxZiVbOT',	0,	'2019-01-22 14:31:08',	'2019-01-22 14:31:08'),
(57,	'Черноморец Артём',	'https://pp.userapi.com/c840636/v840636439/a2da/NkYjPQqk0QY.jpg?ava=1',	'292698437',	0,	0,	0,	'40717',	NULL,	0,	'user',	'xmM9dsFT7SklZp0JV1Pdv8r6Y5W87rinyC3AqqkoXARBnm5L7btxa51cNXA8',	0,	'2019-01-22 14:32:03',	'2019-01-22 14:32:03'),
(58,	'Кац Егор',	'https://pp.userapi.com/c847219/v847219442/15e6d7/m2zScTQ2Kxs.jpg?ava=1',	'222262101',	0,	0,	0,	'19005',	NULL,	0,	'user',	'y65E2x4KDetW0OJloh5wGzB2I7rfixSri6KG0coufBFG9W0IH00iM8h4jxbj',	0,	'2019-01-22 14:49:57',	'2019-01-22 14:49:57'),
(59,	'Кириллова Даша',	'https://pp.userapi.com/c847017/v847017926/14d089/P8WXU6DbU50.jpg?ava=1',	'394116865',	0,	0,	0,	'03492',	NULL,	0,	'user',	'FJq9vq8qDz8Quo7AeZU7y2k2KNDGqCLL5ZjwUpXa7DvmtWtVwvute5jH11OY',	0,	'2019-01-22 15:29:53',	'2019-01-22 15:29:53');

DROP TABLE IF EXISTS `withdraw`;
CREATE TABLE `withdraw` (
  `id` int(11) NOT NULL AUTO_INCREMENT,
  `user_id` int(255) NOT NULL,
  `payway` varchar(256) NOT NULL,
  `amount` int(255) NOT NULL,
  `status` int(11) NOT NULL,
  `created_at` timestamp NOT NULL DEFAULT CURRENT_TIMESTAMP ON UPDATE CURRENT_TIMESTAMP,
  `updated_at` timestamp NOT NULL DEFAULT '0000-00-00 00:00:00',
  PRIMARY KEY (`id`)
) ENGINE=InnoDB DEFAULT CHARSET=utf8;


-- 2019-01-22 15:33:34
